{
    "read_files": "[ data/Biliopancr/RYGB/5586.fastq.gz ]",
    "expected_format": "SR",
    "compatible_fragment_ratio": 1.0,
    "num_compatible_fragments": 16650704,
    "num_assigned_fragments": 16650704,
    "num_frags_with_concordant_consistent_mappings": 16650431,
    "num_frags_with_inconsistent_or_orphan_mappings": 867,
    "strand_mapping_bias": 0.000052068012956107087,
    "MSF": 0,
    "OSF": 0,
    "ISF": 0,
    "MSR": 0,
    "OSR": 0,
    "ISR": 0,
    "SF": 867,
    "SR": 16650431,
    "MU": 0,
    "OU": 0,
    "IU": 0,
    "U": 0
}