{
    "read_files": "[ data/Biliopancr/RYGB/5570.fastq.gz ]",
    "expected_format": "SR",
    "compatible_fragment_ratio": 1.0,
    "num_compatible_fragments": 13540192,
    "num_assigned_fragments": 13540192,
    "num_frags_with_concordant_consistent_mappings": 13539488,
    "num_frags_with_inconsistent_or_orphan_mappings": 1511,
    "strand_mapping_bias": 0.0001115870402176383,
    "MSF": 0,
    "OSF": 0,
    "ISF": 0,
    "MSR": 0,
    "OSR": 0,
    "ISR": 0,
    "SF": 1511,
    "SR": 13539488,
    "MU": 0,
    "OU": 0,
    "IU": 0,
    "U": 0
}