{
    "read_files": "[ data/Biliopancr/RYGB/5566.fastq.gz ]",
    "expected_format": "SR",
    "compatible_fragment_ratio": 1.0,
    "num_compatible_fragments": 7579433,
    "num_assigned_fragments": 7579433,
    "num_frags_with_concordant_consistent_mappings": 7579132,
    "num_frags_with_inconsistent_or_orphan_mappings": 940,
    "strand_mapping_bias": 0.00012400937616423695,
    "MSF": 0,
    "OSF": 0,
    "ISF": 0,
    "MSR": 0,
    "OSR": 0,
    "ISR": 0,
    "SF": 940,
    "SR": 7579132,
    "MU": 0,
    "OU": 0,
    "IU": 0,
    "U": 0
}