{
    "salmon_version": "1.10.2",
    "samp_type": "none",
    "opt_type": "vb",
    "quant_errors": [],
    "num_libraries": 1,
    "library_types": [
        "SR"
    ],
    "frag_dist_length": 1001,
    "frag_length_mean": 250.0000097391447,
    "frag_length_sd": 25.001769513739427,
    "seq_bias_correct": false,
    "gc_bias_correct": false,
    "num_bias_bins": 4096,
    "mapping_type": "mapping",
    "keep_duplicates": false,
    "num_valid_targets": 31196,
    "num_decoy_targets": 0,
    "num_eq_classes": 60523,
    "serialized_eq_classes": false,
    "eq_class_properties": [
        "range_factorized",
        "gzipped"
    ],
    "length_classes": [
        816,
        1379,
        2070,
        3202,
        25658
    ],
    "index_seq_hash": "e3e65d03eb7cb31ad8f22dd2d8518d11c118f2f0d5bc09119fe09f7cd02fe9a1",
    "index_name_hash": "92f58f835d0958d59a96d9e3ec875d79f7b5ef37e9fa132e9370d97f54295954",
    "index_seq_hash512": "a0a09ea44c8a53b01ac02c57eb4bf8d05b6981b21e52af21eabc6d571088aa41358fe1ff4e14f6c733d2142bf0ff5d85bdc9a8345d4e0d46372cf4ac6d0e04c8",
    "index_name_hash512": "3634f1b2a3dbff14d7d46ad6c79d077658021167f7f8db1f18e3c4fd046e997a4d195265400df1a11c574ed651c366c86cff711bb2dead9ec9f7a497167a098c",
    "index_decoy_seq_hash": "e3b0c44298fc1c149afbf4c8996fb92427ae41e4649b934ca495991b7852b855",
    "index_decoy_name_hash": "e3b0c44298fc1c149afbf4c8996fb92427ae41e4649b934ca495991b7852b855",
    "num_bootstraps": 0,
    "num_processed": 20401301,
    "num_mapped": 12985850,
    "num_decoy_fragments": 0,
    "num_dovetail_fragments": 0,
    "num_fragments_filtered_vm": 401049,
    "num_alignments_below_threshold_for_mapped_fragments_vm": 3986419,
    "percent_mapped": 63.65206807154112,
    "call": "quant",
    "start_time": "Wed Mar 19 22:42:57 2025",
    "end_time": "Wed Mar 19 22:43:30 2025"
}