{
    "read_files": "[ ./5590.fastq.gz ]",
    "expected_format": "SR",
    "compatible_fragment_ratio": 1.0,
    "num_compatible_fragments": 9778357,
    "num_assigned_fragments": 9778357,
    "num_frags_with_concordant_consistent_mappings": 9777311,
    "num_frags_with_inconsistent_or_orphan_mappings": 2661,
    "strand_mapping_bias": 0.0002720866685507893,
    "MSF": 0,
    "OSF": 0,
    "ISF": 0,
    "MSR": 0,
    "OSR": 0,
    "ISR": 0,
    "SF": 2661,
    "SR": 9777311,
    "MU": 0,
    "OU": 0,
    "IU": 0,
    "U": 0
}