{
    "read_files": "[ data/Biliopancr/RYGB/5562.fastq.gz ]",
    "expected_format": "SR",
    "compatible_fragment_ratio": 1.0,
    "num_compatible_fragments": 8799511,
    "num_assigned_fragments": 8799511,
    "num_frags_with_concordant_consistent_mappings": 8799132,
    "num_frags_with_inconsistent_or_orphan_mappings": 875,
    "strand_mapping_bias": 0.00009943173908838936,
    "MSF": 0,
    "OSF": 0,
    "ISF": 0,
    "MSR": 0,
    "OSR": 0,
    "ISR": 0,
    "SF": 875,
    "SR": 8799132,
    "MU": 0,
    "OU": 0,
    "IU": 0,
    "U": 0
}