{
    "read_files": "[ data/Biliopancr/RYGB/5578.fastq.gz ]",
    "expected_format": "SR",
    "compatible_fragment_ratio": 1.0,
    "num_compatible_fragments": 11418224,
    "num_assigned_fragments": 11418224,
    "num_frags_with_concordant_consistent_mappings": 11417852,
    "num_frags_with_inconsistent_or_orphan_mappings": 917,
    "strand_mapping_bias": 0.000080306379785772,
    "MSF": 0,
    "OSF": 0,
    "ISF": 0,
    "MSR": 0,
    "OSR": 0,
    "ISR": 0,
    "SF": 917,
    "SR": 11417852,
    "MU": 0,
    "OU": 0,
    "IU": 0,
    "U": 0
}