{
    "read_files": "[ data/Biliopancr/RYGB/5582.fastq.gz ]",
    "expected_format": "SR",
    "compatible_fragment_ratio": 1.0,
    "num_compatible_fragments": 12985850,
    "num_assigned_fragments": 12985850,
    "num_frags_with_concordant_consistent_mappings": 12985210,
    "num_frags_with_inconsistent_or_orphan_mappings": 1537,
    "strand_mapping_bias": 0.00011835142395551404,
    "MSF": 0,
    "OSF": 0,
    "ISF": 0,
    "MSR": 0,
    "OSR": 0,
    "ISR": 0,
    "SF": 1537,
    "SR": 12985210,
    "MU": 0,
    "OU": 0,
    "IU": 0,
    "U": 0
}