{
    "read_files": "[ data/Biliopancr/RYGB/5558.fastq.gz ]",
    "expected_format": "SR",
    "compatible_fragment_ratio": 1.0,
    "num_compatible_fragments": 6176653,
    "num_assigned_fragments": 6176653,
    "num_frags_with_concordant_consistent_mappings": 6176151,
    "num_frags_with_inconsistent_or_orphan_mappings": 1104,
    "strand_mapping_bias": 0.00017872015968257746,
    "MSF": 0,
    "OSF": 0,
    "ISF": 0,
    "MSR": 0,
    "OSR": 0,
    "ISR": 0,
    "SF": 1104,
    "SR": 6176151,
    "MU": 0,
    "OU": 0,
    "IU": 0,
    "U": 0
}