{
    "read_files": "[ ./5594.fastq.gz ]",
    "expected_format": "SR",
    "compatible_fragment_ratio": 1.0,
    "num_compatible_fragments": 12926216,
    "num_assigned_fragments": 12926216,
    "num_frags_with_concordant_consistent_mappings": 12925843,
    "num_frags_with_inconsistent_or_orphan_mappings": 974,
    "strand_mapping_bias": 0.0000753472413201177,
    "MSF": 0,
    "OSF": 0,
    "ISF": 0,
    "MSR": 0,
    "OSR": 0,
    "ISR": 0,
    "SF": 974,
    "SR": 12925843,
    "MU": 0,
    "OU": 0,
    "IU": 0,
    "U": 0
}