{
    "read_files": "[ data/Biliopancr/RYGB/5574.fastq.gz ]",
    "expected_format": "SR",
    "compatible_fragment_ratio": 1.0,
    "num_compatible_fragments": 11604483,
    "num_assigned_fragments": 11604483,
    "num_frags_with_concordant_consistent_mappings": 11604121,
    "num_frags_with_inconsistent_or_orphan_mappings": 1038,
    "strand_mapping_bias": 0.00008944297962656092,
    "MSF": 0,
    "OSF": 0,
    "ISF": 0,
    "MSR": 0,
    "OSR": 0,
    "ISR": 0,
    "SF": 1038,
    "SR": 11604121,
    "MU": 0,
    "OU": 0,
    "IU": 0,
    "U": 0
}